date,mean_pnl,median_pnl,total_pnl,trade_count,total_volume,unique_traders,timestamp,value,classification
2023-05-01,0.0,0.0,0.0,3,477.0,1,1682919000,63,Greed
2023-12-05,0.0,0.0,0.0,9,50005.83,1,1701754200,75,Extreme Greed
2023-12-14,-18.675885181818188,0.0,-205.43473700000007,11,113203.35,1,1702531800,72,Greed
2023-12-15,-12.316016999999999,-12.316016999999999,-24.632033999999997,2,10609.95,1,1702618200,70,Greed
2023-12-16,0.0,0.0,0.0,3,15348.77,1,1702704600,67,Greed
2023-12-17,21.78448464285714,0.02676,304.982785,14,116278.02,1,1702791000,73,Greed
2023-12-18,0.0,0.0,0.0,2,31164.179999999997,1,1702877400,65,Greed
2023-12-19,66.70257413333334,4.502567,1000.5386120000001,15,91602.41,1,1702963800,73,Greed
2023-12-20,9.040682333333333,0.0,162.732282,18,141636.79,1,1703050200,74,Greed
2023-12-21,10.963498000000001,0.032592,537.211402,49,125233.97,1,1703136600,70,Greed
2023-12-22,14.1832675,0.0,141.832675,10,88874.28,1,1703223000,74,Greed
2023-12-23,11.302823384615383,10.836504,146.936704,13,78438.25,1,1703309400,70,Greed
2023-12-24,25.862050153846155,0.0,1008.619956,39,402954.94,1,1703395800,71,Greed
2023-12-25,-81.69378266666666,0.0,-245.081348,3,59948.51,1,1703482200,73,Greed
2023-12-27,-25.174615249999995,0.0,-704.8892269999999,28,171411.06,1,1703655000,73,Greed
2023-12-28,-42.20569026086957,-13.250952,-970.730876,23,100117.25,1,1703741400,73,Greed
2023-12-29,10.178442859999999,0.0,508.92214299999995,50,569559.72,1,1703827800,65,Greed
2023-12-30,6.826897076923077,0.0,354.998648,52,702550.21,1,1703914200,68,Greed
2024-01-01,-7.196192222222223,0.0,-129.53146,18,264239.52999999997,1,1704087000,65,Greed
2024-01-02,46.11641858823529,0.0,783.979116,17,121348.74,1,1704173400,71,Greed
2024-01-03,12.925604582089552,0.0,866.015507,67,394499.36,1,1704259800,70,Greed
2024-01-04,-13.520728,-0.0786,-67.60364,5,99792.54000000001,1,1704346200,68,Greed
2024-01-05,2.486993409090909,0.0,164.141565,66,1703942.66,1,1704432600,72,Greed
2024-01-06,6.16280290909091,0.0,135.58166400000002,22,298521.4,1,1704519000,70,Greed
2024-01-07,-8.615270463917525,0.0,-835.681235,97,1048850.06,1,1704605400,71,Greed
2024-01-08,-2.1083940546875,0.0,-269.874439,128,1522452.43,1,1704691800,71,Greed
2024-01-09,-11.804998042857143,0.0,-826.349863,70,870051.97,1,1704778200,76,Extreme Greed
2024-01-10,-7.860576901554404,0.0,-1517.091342,193,2057479.48,1,1704864600,73,Greed
2024-01-11,-7.813785761904761,0.0,-164.08950099999998,21,305314.1,2,1704951000,76,Extreme Greed
2024-01-12,-275.0741462857143,0.0,-1925.519024,7,200082.27,1,1705037400,71,Greed
2024-01-15,10.918112857142857,2.4946450000000002,152.85358,14,50636.1,2,1705296600,52,Neutral
2024-01-16,-255.4634953333333,0.0,-2299.171458,9,116427.33,2,1705383000,64,Greed
2024-01-17,15.344794547169812,0.0,813.2741110000001,53,800831.03,1,1705469400,60,Greed
2024-01-18,1.4985476086956522,0.0,68.93319,46,424631.52999999997,1,1705555800,63,Greed
2024-01-19,-8.029567395833334,0.0,-385.419235,48,428428.97,2,1705642200,51,Neutral
2024-01-20,-1.3827817924528305,0.0,-146.57487000000003,106,1070090.51,1,1705728600,52,Neutral
2024-01-21,24.234649636363642,0.0,266.58114600000005,11,103129.74,1,1705815000,56,Greed
2024-01-22,16.18401128235294,0.0,1375.640959,85,337878.99,2,1705901400,55,Greed
2024-01-23,-8.20543844444444,0.0,-369.2447299999998,45,414518.93000000005,1,1705987800,50,Neutral
2024-01-24,-41.29932080882353,0.0,-2808.353815,68,965084.59,1,1706074200,48,Neutral
2024-01-25,-515.6048975,-481.44219250000003,-3093.6293849999997,6,66566.13,1,1706160600,52,Neutral
2024-01-26,18.04,0.0,90.2,5,11773.21,2,1706247000,49,Neutral
2024-01-28,-225.27906545454545,-68.216526,-2478.06972,11,18109.03,1,1706419800,54,Neutral
2024-01-29,6.5751694864864865,0.0479375,486.562542,74,414208.18,2,1706506200,55,Greed
2024-01-30,-3.5439630816326537,0.0,-173.65419100000003,49,401011.38,1,1706592600,61,Greed
2024-01-31,-0.93113017112922,0.0,-799.840817,859,6305647.13,1,1706679000,60,Greed
2024-02-01,0.0,0.0,0.0,6,2008.18,1,1706765400,63,Greed
2024-02-02,10.867225547619048,0.0,456.423473,42,474278.43,1,1706851800,63,Greed
2024-02-03,3.9876640535714283,0.0,223.30918699999998,56,603820.0,1,1706938200,60,Greed
2024-02-04,1.360682714285714,-0.02695,47.62389499999999,35,203187.53,1,1707024600,60,Greed
2024-02-05,-0.4646415833333337,0.0,-33.45419400000003,72,770198.26,1,1707111000,60,Greed
2024-02-06,-0.19817638511029412,0.0,-215.615907,1088,8047153.41,1,1707197400,64,Greed
2024-02-07,16.082808,0.0,241.24212,15,6758.73,1,1707283800,62,Greed
2024-02-08,77.07560240000001,0.0,770.756024,10,26051.12,1,1707370200,66,Greed
2024-02-11,28.924799294117648,0.0,983.443176,34,212311.82,1,1707629400,71,Greed
2024-02-12,57.11761168749999,-26.696452,913.8817869999998,16,227247.69999999998,1,1707715800,70,Greed
2024-02-13,39.960277857142856,30.05825,559.44389,14,1999.99,1,1707802200,79,Extreme Greed
2024-02-14,34.509908405405405,16.74,3830.599833,111,320839.88,2,1707888600,74,Greed
2024-02-15,29.219010746031746,13.15072,1840.797677,63,185188.04,2,1707975000,72,Greed
2024-02-16,30.174554032967034,11.42332,5491.768834,182,564896.51,2,1708061400,72,Greed
2024-02-17,20.52810425531915,4.1904,1929.6418,94,406118.07,2,1708147800,76,Extreme Greed
2024-02-18,4.923967319587628,6.59648,477.6248299999999,97,157048.17,1,1708234200,72,Greed
2024-02-19,42.750183792079206,10.73646,4317.768563,101,286377.2,2,1708320600,75,Extreme Greed
2024-02-20,83.68279035897436,13.6526,3263.628824,39,119419.72,2,1708407000,72,Greed
2024-02-21,84.49084409090909,25.544000000000004,1858.7985700000002,22,108047.51999999999,2,1708493400,78,Extreme Greed
2024-02-22,44.25119397727272,0.0,3894.1050699999996,88,373033.87,2,1708579800,74,Greed
2024-02-23,9.91995055944056,7.189966,1418.55293,143,111106.14,1,1708666200,76,Extreme Greed
2024-02-25,-6.1541,0.0,-30.7705,5,4480.13,1,1708839000,74,Greed
2024-02-26,113.25249487179488,31.028709,4416.8473,39,192187.14,2,1708925400,72,Greed
2024-02-27,14.103360841269842,0.0,888.511733,63,209362.3,2,1709011800,79,Extreme Greed
2024-02-28,55.63882744444444,18.122,2503.747235,45,171107.13,1,1709098200,82,Extreme Greed
2024-02-29,84.60342234482759,29.654400000000003,9813.996992,116,395666.73,2,1709184600,80,Extreme Greed
2024-03-01,60.176944591240876,27.04384,8244.241409,137,472974.7,1,1709271000,80,Extreme Greed
2024-03-02,7.448406451612905,1.3124,230.90060000000005,31,63197.56,2,1709357400,80,Extreme Greed
2024-03-03,105.83653474683545,15.04116,8361.086245,79,390745.68,1,1709443800,83,Extreme Greed
2024-03-04,92.66591914,30.85353,27799.775742,300,1577996.87,2,1709530200,82,Extreme Greed
2024-03-05,109.95014467222222,34.3644515,19791.026041,180,841810.32,1,1709616600,90,Extreme Greed
2024-03-06,83.10762364634145,27.00537,6814.825139,82,327218.02,1,1709703000,75,Extreme Greed
2024-03-08,63.7594960597015,12.4432,4271.886236,67,183583.18,1,1709875800,81,Extreme Greed
2024-03-09,85.03847541880343,25.01825,9949.501624,117,658178.75,1,1709962200,84,Extreme Greed
2024-03-10,59.117314285714286,2.505,2482.9272,42,219973.85,1,1710048600,79,Extreme Greed
2024-03-11,85.43284511904761,18.72521,3588.179495,42,176519.44999999998,1,1710135000,82,Extreme Greed
2024-03-12,379.89575,16.76285,3039.166,8,103040.85,1,1710221400,81,Extreme Greed
2024-03-13,0.0,0.0,0.0,7,6000.799999999999,1,1710307800,81,Extreme Greed
2024-03-14,192.5481017777778,50.144227,3465.865832,18,205933.18,2,1710394200,88,Extreme Greed
2024-03-15,100.58892985483871,24.1152,6236.513651,62,351894.41,3,1710480600,83,Extreme Greed
2024-03-16,28.57248,0.0,228.57984,8,37223.66,2,1710567000,81,Extreme Greed
2024-03-17,21.882345869565217,0.0,503.293955,23,99506.95,3,1710653400,79,Extreme Greed
2024-03-18,76.68198421052631,0.0,1456.9577,19,90458.08,3,1710739800,77,Extreme Greed
2024-03-19,27.86658220833333,0.0,668.797973,24,219884.84,3,1710826200,79,Extreme Greed
2024-03-20,93.08890723188406,14.004,6423.134599,69,215705.85,2,1710912600,74,Greed
2024-03-21,83.41100267857142,27.4342,2335.5080749999997,28,117895.57,3,1710999000,78,Extreme Greed
2024-03-24,68.26413036842105,35.104212,1297.018477,19,92592.20999999999,1,1711258200,74,Greed
2024-03-25,186.13091828571427,149.807117,1302.916428,7,57116.32,1,1711344600,75,Extreme Greed
2024-03-26,27.253445703389833,18.078525,3215.906593,118,198565.19,2,1711431000,81,Extreme Greed
2024-03-27,3.9581878947368416,0.0,150.41114,38,99864.79,2,1711517400,83,Extreme Greed
2024-03-28,17.527000615384615,12.233936,227.85100799999998,13,35323.72,2,1711603800,80,Extreme Greed
2024-03-29,58.873160266666666,0.0,883.097404,15,86914.37,1,1711690200,79,Extreme Greed
2024-03-30,24.45722533333333,10.11075,1100.57514,45,101103.92,1,1711776600,75,Extreme Greed
2024-03-31,70.21431884615384,16.0695,912.786145,13,39912.96,1,1711863000,75,Extreme Greed
2024-04-01,32.57095332467532,0.54675,2507.963406,77,339470.47,2,1711949400,79,Extreme Greed
2024-04-02,21.555141756097562,0.0,883.760812,41,239664.50999999998,2,1712035800,79,Extreme Greed
2024-04-03,31.6971,0.0,126.7884,4,16887.57,2,1712122200,71,Greed
2024-04-04,0.0,0.0,0.0,32,95987.73,1,1712208600,70,Greed
2024-04-05,107.06484306,8.978760000000001,10706.484306,100,503791.8,3,1712295000,79,Extreme Greed
2024-04-06,14.770945874999999,0.0,236.33513399999998,16,68223.67,1,1712381400,75,Extreme Greed
2024-04-07,0.0,0.0,0.0,23,49988.14,1,1712467800,78,Extreme Greed
2024-04-08,40.614223333333335,0.0,1218.4267,30,211940.64,2,1712554200,76,Extreme Greed
2024-04-09,0.0,0.0,0.0,3,57063.840000000004,1,1712640600,80,Extreme Greed
2024-04-10,127.01081497560976,32.322,5207.443414,41,351735.97,1,1712727000,78,Extreme Greed
2024-04-11,24.35894775,0.0,389.743164,16,76400.96,1,1712813400,76,Extreme Greed
2024-04-12,-4.594153790697676,4.032548,-592.6458390000001,129,442088.59,3,1712899800,79,Extreme Greed
2024-04-13,74.3983343258427,15.90732,6621.451755,89,486411.25,2,1712986200,72,Greed
2024-04-14,-337.4206777570094,0.0,-36104.012520000004,107,659162.17,2,1713072600,72,Greed
2024-04-15,92.05094439024391,14.65548,3774.08872,41,291111.19,2,1713159000,74,Greed
2024-04-16,52.504302574468085,17.7287,2467.702221,47,181907.17,2,1713245400,65,Greed
2024-04-17,174.39059999999998,48.21955,2441.4683999999997,14,97562.99,1,1713331800,67,Greed
2024-04-19,55.61272748571429,19.918472,1946.4454620000001,35,337257.92000000004,1,1713504600,66,Greed
2024-04-20,0.0,0.0,0.0,22,60733.24,2,1713591000,66,Greed
2024-04-22,0.0,0.0,0.0,9,47993.61,1,1713763800,73,Greed
2024-04-23,16.962669636363636,0.07805000000000001,1119.536196,66,233054.9,2,1713850200,71,Greed
2024-04-24,13.95929535,0.0,279.185907,20,141275.24,1,1713936600,72,Greed
2024-04-25,0.0,0.0,0.0,74,120241.01,2,1714023000,72,Greed
2024-04-26,0.0,0.0,0.0,3,4988.290000000001,1,1714109400,70,Greed
2024-04-27,158.57363477777778,61.458,4281.488139,27,154264.47,1,1714195800,67,Greed
2024-04-28,0.0,0.0,0.0,58,43985.6,2,1714282200,65,Greed
2024-04-29,11.709640799999999,0.0,526.9338359999999,45,108699.01,2,1714368600,67,Greed
2024-04-30,0.0,0.0,0.0,24,125018.75,1,1714455000,67,Greed
2024-05-01,0.0,0.0,0.0,14,87025.45,1,1714541400,54,Neutral
2024-05-03,147.3893623611111,0.0,5306.017045,36,282682.64999999997,3,1714714200,48,Neutral
2024-05-04,0.0,0.0,0.0,9,58998.75,2,1714800600,67,Greed
2024-05-05,0.15266666666666667,0.0,0.916,6,24068.350000000002,2,1714887000,69,Greed
2024-05-06,107.62115333333333,0.0,968.59038,9,206016.43,1,1714973400,71,Greed
2024-05-07,49.08542738888889,9.50184,883.537693,18,108717.58,3,1715059800,68,Greed
2024-05-08,0.12044307692307693,0.0,1.56576,13,65973.57,2,1715146200,64,Greed
2024-05-09,40.985566285714285,0.0,1147.595856,28,221966.12,2,1715232600,55,Greed
2024-05-10,95.53371340909092,0.0,2101.741695,22,156882.0,1,1715319000,66,Greed
2024-05-11,27.956082444444444,6.001646,251.604742,9,63248.95,1,1715405400,53,Neutral
2024-05-12,0.0,0.0,0.0,23,55179.56,2,1715491800,56,Greed
2024-05-13,76.31620925,0.0,2136.853859,28,193118.9,2,1715578200,57,Greed
2024-05-14,50.02275239130436,0.0,1150.5233050000002,23,145853.4,1,1715664600,66,Greed
2024-05-15,26.360293944444447,0.0,948.970582,36,234922.57,1,1715751000,64,Greed
2024-05-16,7.94777037037037,0.0,214.5898,27,162620.96,2,1715837400,70,Greed
2024-05-18,140.89578644000002,6.828,3522.3946610000003,25,126303.14,1,1716010200,73,Greed
2024-05-19,0.0,0.0,0.0,8,29998.09,1,1716096600,72,Greed
2024-05-20,-7.4818442,0.0,-74.818442,10,38124.75,2,1716183000,70,Greed
2024-05-21,58.31518057599999,0.0,7289.397571999999,125,1100948.59,2,1716269400,76,Extreme Greed
2024-05-22,0.0,0.0,0.0,6,44995.29,1,1716355800,76,Extreme Greed
2024-05-23,1.2718379353846154,0.0,413.347329,325,401850.6,3,1716442200,76,Extreme Greed
2024-05-24,410.974639,410.974639,821.949278,2,50811.899999999994,1,1716528600,74,Greed
2024-05-25,0.8828774374999999,0.0,14.126038999999999,16,29991.129999999997,2,1716615000,76,Extreme Greed
2024-05-26,48.66774375,0.0,778.6839,16,53976.67,2,1716701400,75,Extreme Greed
2024-05-27,4.499425776892431,0.0,1129.35587,251,151115.72,1,1716787800,74,Greed
2024-05-29,1.6938533719512194,0.0,277.791953,164,84268.76,2,1716960600,72,Greed
2024-05-30,2.9930618571428576,1.617104,20.951433,7,2838.09,1,1717047000,73,Greed
2024-05-31,1.9506246153846154,0.0,25.35812,13,3636.14,1,1717133400,73,Greed
2024-06-01,3.66041676,0.0,91.510419,25,12834.62,1,1717219800,72,Greed
2024-06-02,2.074268247311828,0.0,192.906947,93,29464.51,1,1717306200,73,Greed
2024-06-03,8.040117257142859,4.63499,562.808208,70,21466.86,1,1717392600,73,Greed
2024-06-04,0.9851214716981133,0.0,52.211438,53,24243.41,1,1717479000,73,Greed
2024-06-05,1.038064925925926,0.0,56.055506,54,25350.77,1,1717565400,75,Extreme Greed
2024-06-06,1.1716802863247862,0.0,274.173187,234,137557.76,1,1717651800,78,Extreme Greed
2024-06-07,20.23288049090909,0.0,8902.467416,440,1098588.76,3,1717738200,77,Extreme Greed
2024-06-08,4.453063413793104,0.0,129.13883900000002,29,97351.88,2,1717824600,72,Greed
2024-06-09,0.0,0.0,0.0,17,22410.22,2,1717911000,75,Extreme Greed
2024-06-10,0.589939716981132,0.0,31.266804999999998,53,46587.93,2,1717997400,72,Greed
2024-06-11,35.12708789430894,0.0,4320.631811,123,373279.92,3,1718083800,74,Greed
2024-06-12,-86.16744682283463,0.0,-21886.531493,254,193407.96,2,1718170200,72,Greed
2024-06-13,83.95895082278481,0.0,6632.757115,79,132577.22,2,1718256600,70,Greed
2024-06-14,330.9223422258064,0.0,10258.592609,31,139868.66,2,1718343000,74,Greed
2024-06-15,43.20459417948718,0.0,3369.958346,78,718350.25,2,1718429400,74,Greed
2024-06-16,0.0,0.0,0.0,11,25235.079999999998,1,1718515800,71,Greed
2024-06-17,278.9342730263158,144.121501,10599.502375,38,368380.12,2,1718602200,71,Greed
2024-06-18,11.3030544,0.0,282.57636,25,263314.79,2,1718688600,74,Greed
2024-06-19,80.12552367213115,0.399945,4887.656944,61,417071.12,3,1718775000,64,Greed
2024-06-20,1473.8065647692308,0.0,57478.456026,39,207990.8,3,1718861400,60,Greed
2024-06-21,9.66947755,0.0,773.5582039999999,80,176264.49,2,1718947800,63,Greed
2024-06-22,31.536523541666668,0.0,756.876565,24,169594.27000000002,2,1719034200,53,Neutral
2024-06-23,0.0,0.0,0.0,5,1792.12,1,1719120600,55,Greed
2024-06-24,0.0,0.0,0.0,31,403002.8,2,1719207000,51,Neutral
2024-06-25,99.3745531632653,0.0,4869.353105,49,103099.08,1,1719293400,30,Fear
2024-06-26,58.30183586111111,0.0,4197.732182,72,365190.66000000003,2,1719379800,46,Neutral
2024-06-27,0.0,0.0,0.0,30,130486.95,2,1719466200,40,Fear
2024-06-29,82.0043486,0.0,6150.326145,75,280095.11,2,1719639000,30,Fear
2024-06-30,0.0,0.0,0.0,14,30520.69,2,1719725400,47,Neutral
2024-07-01,79.1537391875,0.0,5065.839308,64,362670.14999999997,2,1719811800,53,Neutral
2024-07-02,134.514062,10.35,2421.253116,18,33347.47,1,1719898200,51,Neutral
2024-07-03,62.132626888888886,0.0,1118.387284,18,179600.66,2,1719984600,50,Neutral
2024-07-04,0.0,0.0,0.0,25,430568.01,2,1720071000,44,Fear
2024-07-05,0.0,0.0,0.0,32,272289.89,2,1720157400,29,Fear
2024-07-06,4.53634075,0.0,108.87217799999999,24,2490.17,1,1720243800,26,Fear
2024-07-07,6.1428942,4.9143155,61.428942,10,498.75,1,1720330200,29,Fear
2024-07-08,0.0,0.0,0.0,1,497.64,1,1720416600,28,Fear
2024-07-09,43.265627466666665,37.164306,648.984412,15,2736.45,1,1720503000,27,Fear
2024-07-10,213.88812333928573,59.449220999999994,11977.734907,56,687900.21,2,1720589400,28,Fear
2024-07-11,98.77958326315789,0.0,1876.812082,19,169887.02,1,1720675800,29,Fear
2024-07-12,74.33235021052631,0.0,1412.314654,19,89582.97,2,1720762200,25,Fear
2024-07-13,171.38928452941175,105.890838,2913.617837,17,139189.19,2,1720848600,25,Fear
2024-07-14,0.0,0.0,0.0,7,84001.13,1,1720935000,33,Fear
2024-07-15,-0.038461538461538464,0.0,-1.0,26,198344.85,2,1721021400,52,Neutral
2024-07-16,0.0,0.0,0.0,22,144000.57,1,1721107800,65,Greed
2024-07-17,5.297064037037037,0.0,1859.269477,351,626005.53,3,1721194200,69,Greed
2024-07-18,63.398071849999994,19.3456475,3803.884311,60,649704.85,2,1721280600,61,Greed
2024-07-19,93.73439626086956,12.29371,2155.891114,23,150269.42,2,1721367000,60,Greed
2024-07-20,8.643494609022557,0.0,2299.169566,266,244362.21,2,1721453400,74,Greed
2024-07-21,-6.608743051339286,0.0,-2960.716887,448,234307.46,2,1721539800,74,Greed
2024-07-22,9.851427766233765,-1.8459855,1517.119876,154,304213.8,2,1721626200,70,Greed
2024-07-23,242.9467627189189,38.355177,89890.302206,370,358526.54,3,1721712600,71,Greed
2024-07-24,6.9506831,0.0,625.561479,90,69207.93,5,1721799000,69,Greed
2024-07-25,11.753054615384617,0.0,916.7382600000001,78,528555.31,3,1721885400,68,Greed
2024-07-26,18.200744164473683,0.0,2766.513113,152,548587.65,4,1721971800,68,Greed
2024-07-27,112.2916430877193,41.72143,6400.623656,57,905199.75,2,1722058200,72,Greed
2024-07-28,36.706189375,36.338475,587.29903,16,43254.68,2,1722144600,71,Greed
2024-07-29,8.482165487179486,0.0,330.80445399999996,39,327199.14,2,1722231000,74,Greed
2024-07-30,0.0,0.0,0.0,6,36006.47,1,1722317400,67,Greed
2024-07-31,17.806764744186047,0.0,765.690884,43,84506.54,2,1722403800,61,Greed
2024-08-01,2.9312283684210527,0.0,167.080017,57,227774.53,4,1722490200,52,Neutral
2024-08-02,12.418542714285714,0.0,782.3681909999999,63,396320.37,3,1722576600,57,Greed
2024-08-03,12.545667567567568,0.0,464.1897,37,290532.86,5,1722663000,37,Fear
2024-08-04,-965.9212667952756,0.0,-122672.000883,127,1207744.07,5,1722749400,34,Fear
2024-08-05,-162.6708146125,0.0,-13013.665169,80,420495.4,4,1722835800,26,Fear
2024-08-06,2.4982995140186914,0.0,267.318048,107,61478.38,2,1722922200,17,Extreme Fear
2024-08-07,5.720886515151515,0.0,188.789255,33,2492.77,3,1723008600,29,Fear
2024-08-08,-4.5235796666666666,0.0,-40.712216999999995,9,16299.35,2,1723095000,20,Extreme Fear
2024-08-09,125.56993941666666,0.0,18082.071276,144,503204.86,5,1723181400,48,Neutral
2024-08-10,0.0,0.0,0.0,88,11339.29,2,1723267800,40,Fear
2024-08-11,35.32402583333334,0.0,847.7766200000001,24,44230.21,2,1723354200,39,Fear
2024-08-12,17.88896875,0.0,858.6705000000001,48,54167.32,3,1723440600,25,Fear
2024-08-13,9.220913913043479,0.0,212.08102,23,20797.87,3,1723527000,31,Fear
2024-08-14,86.75606052,0.0,2168.9015130000003,25,66710.03,3,1723613400,30,Fear
2024-08-15,0.0,0.0,0.0,12,1522.3700000000001,1,1723699800,29,Fear
2024-08-16,23.578015542857145,0.0,825.230544,35,166382.84,2,1723786200,27,Fear
2024-08-17,-9.609437100000001,0.0,-288.283113,30,30248.96,2,1723872600,25,Fear
2024-08-18,20.480125866666665,8.270808,307.201888,15,62804.48,2,1723959000,31,Fear
2024-08-19,42.462447874999995,14.0197665,339.69958299999996,8,100315.03,1,1724045400,28,Fear
2024-08-20,16.050237,0.0,192.602844,12,49914.8,2,1724131800,30,Fear
2024-08-21,4.525523620689655,0.0,656.200925,145,104990.41,2,1724218200,26,Fear
2024-08-23,100.53052699999999,0.0,1005.30527,10,63509.56,1,1724391000,34,Fear
2024-08-24,0.0,0.0,0.0,7,34999.67,2,1724477400,56,Greed
2024-08-25,0.0,0.0,0.0,17,21950.28,2,1724563800,54,Neutral
2024-08-26,38.539486333333336,0.0,231.236918,6,92611.27,2,1724650200,55,Greed
2024-08-27,0.0,0.0,0.0,50,70250.16,2,1724736600,48,Neutral
2024-08-28,148.15107166666667,0.0,1333.359645,9,71160.06999999999,2,1724823000,30,Fear
2024-08-29,0.0,0.0,0.0,1,9995.85,1,1724909400,29,Fear
2024-08-30,42.744,0.0,256.464,6,37233.24,4,1724995800,34,Fear
2024-08-31,0.3200823823529412,0.0,10.882801,34,107507.43000000001,3,1725082200,29,Fear
2024-09-01,11.452757750000002,0.0,137.433093,12,12359.68,1,1725168600,26,Fear
2024-09-02,0.0,0.0,0.0,2,30000.42,1,1725255000,26,Fear
2024-09-04,31.346621529411763,0.0,1065.785132,34,131480.97,2,1725427800,27,Fear
2024-09-05,0.0,0.0,0.0,1,0.84,1,1725514200,29,Fear
2024-09-06,-26.306113452380952,-24.855381,-1104.856765,42,39047.1,2,1725600600,22,Extreme Fear
2024-09-08,0.0,0.0,0.0,1,0.11,1,1725773400,29,Fear
2024-09-09,0.0,0.0,0.0,2,4014.4300000000003,1,1725859800,26,Fear
2024-09-10,-73.24321966666666,-37.697891,-219.729659,3,2547.28,2,1725946200,33,Fear
2024-09-11,0.0,0.0,0.0,1,0.54,1,1726032600,37,Fear
2024-09-14,0.0,0.0,0.0,11,1014.8000000000001,2,1726291800,50,Neutral
2024-09-18,-6.059895131034483,-5.504981,-878.684794,145,13633.5,1,1726637400,45,Neutral
2024-09-19,0.0,0.0,0.0,19,1521.8700000000001,1,1726723800,49,Neutral
2024-09-20,599.0646425,34.911835,9585.03428,16,332873.38,2,1726810200,54,Neutral
2024-09-21,1572.416057826087,1147.561968,36165.56933,23,165648.12,1,1726896600,54,Neutral
2024-09-22,0.0,0.0,0.0,3,19999.739999999998,1,1726983000,52,Neutral
2024-09-23,167.380398,167.380398,334.760796,2,40334.29,1,1727069400,50,Neutral
2024-09-24,0.0,0.0,0.0,10,7118.63,2,1727155800,54,Neutral
2024-09-25,0.0,0.0,0.0,9,52754.130000000005,2,1727242200,59,Greed
2024-09-26,54.976564125,0.0,439.812513,8,113711.93000000001,2,1727328600,50,Neutral
2024-09-27,0.0,0.0,0.0,56,126097.04,2,1727415000,61,Greed
2024-09-28,0.0,0.0,0.0,4,29199.21,1,1727501400,64,Greed
2024-09-30,25.571946113207545,0.0,2710.626288,106,214669.85,2,1727674200,61,Greed
2024-10-01,0.0,0.0,0.0,4,139954.32,1,1727760600,50,Neutral
2024-10-02,0.0,0.0,0.0,4,99954.34,1,1727847000,42,Fear
2024-10-03,11.152864666666666,0.0,100.375782,9,132935.69,2,1727933400,37,Fear
2024-10-04,0.0,0.0,0.0,1,0.34,1,1728019800,41,Fear
2024-10-05,155.86924032432432,39.480396,5767.161892,37,605605.74,2,1728106200,49,Neutral
2024-10-06,5.9312308636363635,0.0,130.487079,22,300130.56,1,1728192600,50,Neutral
2024-10-07,0.0,0.0,0.0,21,219984.65,1,1728279000,50,Neutral
2024-10-08,149.90407327777777,29.615628,5396.546638,36,434584.13,2,1728365400,49,Neutral
2024-10-09,28.290194285714286,0.0,396.06272,14,220399.93,1,1728451800,49,Neutral
2024-10-10,0.0,0.0,0.0,16,300024.33999999997,1,1728538200,39,Fear
2024-10-11,341.74336450000004,232.8029795,8885.327477,26,488904.19,2,1728624600,32,Fear
2024-10-12,54.155471,20.7155355,541.55471,10,159713.4,1,1728711000,49,Neutral
2024-10-13,0.0,0.0,0.0,10,60002.42,1,1728797400,50,Neutral
2024-10-14,382.72391600000003,43.747165,1913.61958,5,61916.020000000004,1,1728883800,48,Neutral
2024-10-15,167.17515371428573,11.821311,1170.2260760000001,7,81173.36,1,1728970200,65,Greed
2024-10-16,19.95280690909091,0.0,219.480876,11,80229.17,1,1729056600,73,Greed
2024-10-17,4.0127733333333335,0.0,36.11496,9,140531.75,2,1729143000,71,Greed
2024-10-18,55.536523499999994,51.8558325,333.219141,6,120331.43000000001,1,1729229400,73,Greed
2024-10-19,0.0,0.0,0.0,4,99996.86,1,1729315800,72,Greed
2024-10-20,4.05370621875,0.0,389.155797,96,176447.86000000002,2,1729402200,73,Greed
2024-10-21,14.248066843930635,0.0,2464.915564,173,324117.99,2,1729488600,72,Greed
2024-10-22,0.0,0.0,0.0,3,60000.36,1,1729575000,70,Greed
2024-10-23,-2.5827745,0.0,-46.489941,18,210006.07,1,1729661400,71,Greed
2024-10-25,441.19540236666666,61.1408675,13235.862071,30,427883.18,2,1729834200,72,Greed
2024-10-27,166.66557699999998,30.289636,666.6623079999999,4,90664.41,1,1730007000,74,Greed
2024-10-28,12.867704769230771,0.0,167.28016200000002,13,121495.25,2,1730093400,72,Greed
2024-10-29,15.11643162264151,0.0,801.170876,53,613267.8099999999,2,1730179800,72,Greed
2024-10-30,0.36600091999999995,0.0,9.150023,25,11830.85,1,1730266200,77,Extreme Greed
2024-10-31,25.292579395833332,19.0994085,1214.043811,48,896173.36,3,1730352600,77,Extreme Greed
2024-11-01,45.238075478260875,0.0,1040.475736,23,260981.03,2,1730439000,75,Extreme Greed
2024-11-02,0.0,0.0,0.0,2,40000.0,1,1730525400,72,Greed
2024-11-03,0.0,0.0,0.0,6,129055.66,2,1730611800,74,Greed
2024-11-04,77.76140205555555,29.134382,2799.410474,36,451811.97,2,1730698200,70,Greed
2024-11-05,67.8475928,10.511846,678.4759280000001,10,200627.23,1,1730784600,70,Greed
2024-11-06,187.85581533333334,0.0,2817.83723,15,123906.9,2,1730871000,70,Greed
2024-11-07,39.764187044247784,3.894186,4493.353136,113,111335.3,3,1730957400,77,Extreme Greed
2024-11-08,-1.6516292564102582,0.0,-64.41354100000007,39,270700.44,2,1731043800,75,Extreme Greed
2024-11-09,1.196615581395349,0.0,102.90894,86,193384.41,2,1731130200,75,Extreme Greed
2024-11-10,5.728984589595376,0.0,991.114334,173,413636.7,3,1731216600,78,Extreme Greed
2024-11-11,18.09552545844504,0.0,6749.630996,373,1570572.42,4,1731303000,76,Extreme Greed
2024-11-12,20.435084175438597,0.0,3494.399394,171,1226354.52,4,1731389400,80,Extreme Greed
2024-11-13,163.46671404166668,11.65871,7846.402274,48,515336.37,5,1731475800,84,Extreme Greed
2024-11-14,41.4864475,0.0,4563.509225,110,1008361.81,2,1731562200,88,Extreme Greed
2024-11-15,27.790204281879195,0.0,4140.740438,149,1427858.42,4,1731648600,80,Extreme Greed
2024-11-16,17.640266936305732,0.0,2769.521909,157,303296.07,4,1731735000,86,Extreme Greed
2024-11-17,4.224762129186603,0.0,882.975285,209,1215987.57,4,1731821400,90,Extreme Greed
2024-11-18,12.921431176300578,0.0,4470.815187,346,2084339.58,7,1731907800,83,Extreme Greed
2024-11-19,9.699242593442623,0.0,2958.268991,305,628031.15,5,1731994200,90,Extreme Greed
2024-11-20,7.654714358181818,0.0,4210.0928969999995,550,1999514.1199999999,5,1732080600,83,Extreme Greed
2024-11-21,3.1634222261682243,0.0,1692.430891,535,598300.62,5,1732167000,82,Extreme Greed
2024-11-22,-26.664721085419732,0.0,-18105.345617,679,1646713.62,6,1732253400,94,Extreme Greed
2024-11-23,7.993200104683195,0.0,2901.531638,363,516245.68,4,1732339800,93,Extreme Greed
2024-11-24,5.497385965116279,0.0,945.550386,172,664952.28,3,1732426200,80,Extreme Greed
2024-11-25,21.66172836862745,0.0,5523.740734,255,937410.87,2,1732512600,82,Extreme Greed
2024-11-26,3.6251965529801327,0.0,1094.809359,302,1146902.44,4,1732599000,79,Extreme Greed
2024-11-27,-12.462420812206572,0.0,-2654.495633,213,1444242.53,2,1732685400,75,Extreme Greed
2024-11-28,-382.75722766566264,0.0,-127075.39958499999,332,1894225.15,5,1732771800,77,Extreme Greed
2024-11-29,449.98726247328244,0.0,176844.994152,393,794262.91,11,1732858200,78,Extreme Greed
2024-11-30,100.04475474530831,0.0,37316.69352,373,1732193.7,8,1732944600,84,Extreme Greed
2024-12-01,98.28453003365385,0.5600160000000001,40886.364494,416,814711.82,9,1733031000,81,Extreme Greed
2024-12-02,68.48001597407408,0.0,18489.604313,270,585243.56,8,1733117400,80,Extreme Greed
2024-12-03,63.03887509358289,0.0,23576.539285,374,1084666.53,8,1733203800,76,Extreme Greed
2024-12-04,918.1561599404388,0.0,292891.815021,319,769287.65,7,1733290200,78,Extreme Greed
2024-12-05,156.96078615789474,0.0,71574.11848800001,456,1256750.79,8,1733376600,84,Extreme Greed
2024-12-06,-229.83782604218362,0.0,-92624.643895,403,3471019.22,10,1733463000,72,Greed
2024-12-07,282.5864442993421,0.0,85906.279067,304,451733.42,6,1733549400,75,Extreme Greed
2024-12-08,38.014127228571425,0.0,15965.933436,420,932939.72,6,1733635800,79,Extreme Greed
2024-12-09,11.708659881261596,0.0,6310.967676,539,983949.68,10,1733722200,78,Extreme Greed
2024-12-10,24.640206911654136,0.787791,39325.770231,1596,3150424.08,11,1733808600,78,Extreme Greed
2024-12-11,261.30348420720725,2.259711,319051.554217,1221,2194098.33,12,1733895000,74,Greed
2024-12-12,310.1199767122153,10.681751,599151.795008,1932,4557189.87,14,1733981400,83,Extreme Greed
2024-12-13,27.22583268968457,0.0,31935.901745,1173,2880824.64,11,1734067800,76,Extreme Greed
2024-12-14,135.87157833522267,0.0,167801.399244,1235,2369561.78,12,1734154200,83,Extreme Greed
2024-12-15,57.4692488385386,0.0,97525.315279,1697,2583269.81,15,1734240600,80,Extreme Greed
2024-12-16,158.07994704549765,0.086172,166774.344133,1055,2740808.97,13,1734327000,83,Extreme Greed
2024-12-17,113.13307839876352,0.0,219591.305172,1941,5233597.63,16,1734413400,87,Extreme Greed
2024-12-18,9.575223703988803,0.0,13682.994673,1429,3798887.07,13,1734499800,81,Extreme Greed
2024-12-19,18.79125621024259,0.166937,62744.004486000005,3339,8241709.39,13,1734586200,75,Extreme Greed
2024-12-20,102.47976689670418,1.454962,254969.660039,2488,7681274.71,15,1734672600,74,Greed
2024-12-21,89.24578415050566,1.390236,150022.163157,1681,4382875.12,8,1734759000,73,Greed
2024-12-22,455.03509557235145,0.0,352197.163973,774,3087320.22,8,1734845400,73,Greed
2024-12-23,-12.53967898466127,0.0,-29430.626577,2347,6771878.26,14,1734931800,70,Greed
2024-12-24,43.827751822485205,0.0,14813.780116,338,1767036.11,11,1735018200,73,Greed
2024-12-25,3.637774264423076,0.0,756.6570469999998,208,347889.35,6,1735104600,73,Greed
2024-12-26,86.41124780774749,0.159494,60228.639722,697,2205242.65,7,1735191000,79,Extreme Greed
2024-12-27,10.280042442307693,0.0,2672.811035,260,347913.0,7,1735277400,74,Greed
2024-12-28,5.842693310559007,0.0,940.673623,161,281555.01,7,1735363800,72,Greed
2024-12-29,14.348596651741294,0.0,2884.067927,201,344628.54,7,1735450200,73,Greed
2024-12-30,29.637296503289473,0.0,9009.738137,304,1073865.73,9,1735536600,65,Greed
2024-12-31,17.794159509803922,0.0,5445.01281,306,877164.62,6,1735623000,64,Greed
2025-01-01,-99.25068067708334,0.0,-9528.065345,96,282582.1,6,1735709400,66,Greed
2025-01-02,24.145482235457067,0.0,8716.519087,361,774674.84,9,1735795800,70,Greed
2025-01-03,11.867099986220472,0.0,6028.486793,508,771208.99,9,1735882200,74,Greed
2025-01-04,6.882851665768194,0.0,2553.537968,371,1826029.6199999999,9,1735968600,73,Greed
2025-01-05,13.337737920502093,0.0,3187.719363,239,451943.57,8,1736055000,72,Greed
2025-01-06,10.583220581151831,0.0,6064.185393,573,556526.99,7,1736141400,76,Extreme Greed
2025-01-07,25.271942748822607,6.222816,16098.227531,637,1313178.1,6,1736227800,78,Extreme Greed
2025-01-08,125.23300342059672,0.0,130117.090554,1039,3177275.18,11,1736314200,70,Greed
2025-01-09,89.99220096168582,0.0,46975.928902,522,1020733.25,7,1736400600,69,Greed
2025-01-10,-12.352717401709402,0.63832,-10116.875552,819,6547449.68,7,1736487000,50,Neutral
2025-01-11,8.017952424028268,0.0,2269.080536,283,1658098.71,7,1736573400,69,Greed
2025-01-12,9.538607646179402,0.72332,5742.241803,602,2258459.17,7,1736659800,62,Greed
2025-01-13,23.66526801960784,0.0,9655.429352,408,2936648.0100000002,11,1736746200,61,Greed
2025-01-14,58.43459038181818,0.0,16069.512355,275,876581.97,9,1736832600,63,Greed
2025-01-15,55.50407602996255,0.0,14819.5883,267,1801599.8900000001,11,1736919000,70,Greed
2025-01-16,56.08546988679245,0.0,20807.709328,371,3049692.96,9,1737005400,75,Extreme Greed
2025-01-17,29.43872104201681,0.515012,7006.415608,238,1110230.46,8,1737091800,75,Extreme Greed
2025-01-18,0.6808495883256523,0.0,443.2330819999997,651,2711629.88,12,1737178200,77,Extreme Greed
2025-01-19,56.10963580216975,0.0,87923.799302,1567,9715215.3,15,1737264600,77,Extreme Greed
2025-01-20,66.37052408593155,0.3825,87277.239173,1315,8287327.01,15,1737351000,76,Extreme Greed
2025-01-21,20.901583813207548,0.0,11077.839421,530,1523729.82,8,1737437400,76,Extreme Greed
2025-01-22,24.66875968389423,0.0,20524.408057,832,1778406.43,10,1737523800,84,Extreme Greed
2025-01-23,83.13320374384236,7.492465,101256.24216,1218,3697028.66,12,1737610200,75,Extreme Greed
2025-01-24,12.131326931350113,0.5630105000000001,10602.779738,874,1611433.45,11,1737696600,75,Extreme Greed
2025-01-25,-20.450625011857706,0.0,-10348.016255999999,506,1239377.7,11,1737783000,75,Extreme Greed
2025-01-26,90.51766445232816,0.0,40823.466668,451,1201173.66,7,1737869400,73,Greed
2025-01-27,53.469295461837,0.0,41331.765392,773,1508028.31,15,1737955800,71,Greed
2025-01-28,36.103642516064255,2.573011,17979.613973,498,579412.17,8,1738042200,72,Greed
2025-01-29,25.737375241758244,0.0,23421.01147,910,1897513.41,9,1738128600,72,Greed
2025-01-30,21.64711470009372,0.0,23097.471385,1067,3014397.17,11,1738215000,70,Greed
2025-01-31,35.303441705708664,0.8434925,35868.296773,1016,2783411.48,11,1738301400,76,Extreme Greed
2025-02-01,50.946695610410096,1.763296,32300.205017,634,1363746.44,12,1738387800,68,Greed
2025-02-02,123.46835452843062,0.0,162854.759623,1319,5661092.29,13,1738474200,60,Greed
2025-02-03,146.58459086932774,0.0,348871.326269,2380,22592901.37,12,1738560600,44,Fear
2025-02-04,165.9541752070064,0.0,416876.88812,2512,15678409.27,13,1738647000,72,Greed
2025-02-05,43.721075992289904,0.0,56706.235562,1297,8743231.51,11,1738733400,54,Neutral
2025-02-06,19.84955944392249,0.0,33803.799733,1703,2818508.87,11,1738819800,49,Neutral
2025-02-07,14.730972500656167,0.0,22450.002091,1524,3460263.54,13,1738906200,44,Fear
2025-02-08,1.0203534834782608,0.0,586.703253,575,839734.97,10,1738992600,44,Fear
2025-02-09,197.05736844502616,0.0,150551.829492,764,2920919.7,12,1739079000,46,Neutral
2025-02-10,71.88807047244094,0.0,63908.49465,889,3624958.44,14,1739165400,43,Fear
2025-02-11,-7.186067001179245,0.0,-6093.784817,848,2797544.17,12,1739251800,47,Neutral
2025-02-12,19.251828353055284,0.0,19848.635032,1031,4143974.54,12,1739338200,46,Neutral
2025-02-13,20.313528640875912,0.0,27829.534238,1370,3199852.21,11,1739424600,50,Neutral
2025-02-14,129.22095184773414,0.0,213860.675308,1655,4007103.42,15,1739511000,48,Neutral
2025-02-15,48.32932082618026,0.0,45042.92701,932,1712852.95,12,1739597400,50,Neutral
2025-02-16,3.4794103157121876,0.0,2369.478425,681,806177.64,10,1739683800,54,Neutral
2025-02-17,1.9325964877789585,0.0,1818.573295,941,2031044.64,9,1739770200,51,Neutral
2025-02-18,54.418062292959426,0.061069,91204.672403,1676,3371128.68,11,1739856600,47,Neutral
2025-02-19,11.010870463629685,0.0,14985.794701,1361,3263930.24,10,1739943000,44,Fear
2025-02-20,22.867193887673956,0.0,46008.794102,2012,4628609.29,11,1740029400,49,Neutral
2025-02-21,63.904695114789114,0.109988,119693.49395,1873,3972159.88,14,1740115800,55,Greed
2025-02-22,36.849423,0.0,25278.704178,686,3175570.2,10,1740202200,49,Neutral
2025-02-23,20.494104328846156,0.0,10656.934251,520,1141310.74,12,1740288600,50,Neutral
2025-02-24,6.850102607193732,0.0,38470.176242,5616,11223619.59,14,1740375000,49,Neutral
2025-02-25,32.782929400256165,0.0,204762.177034,6246,19414984.36,18,1740461400,25,Fear
2025-02-26,53.76621014370748,1.4922360000000001,63229.063129,1176,4946958.13,13,1740547800,21,Extreme Fear
2025-02-27,-41.039514064044944,0.0,-36525.167517,890,1999898.43,9,1740634200,10,Extreme Fear
2025-02-28,221.4211077016683,0.0,225628.108748,1019,4123660.77,13,1740720600,16,Extreme Fear
2025-03-01,60.897177977011495,0.0,10596.108968,174,263824.13,5,1740807000,20,Extreme Fear
2025-03-02,125.77879832330827,0.0120845,66914.320708,532,6460848.74,10,1740893400,26,Fear
2025-03-03,415.9332201302294,9.005766,616413.032233,1482,8244590.38,14,1740979800,33,Fear
2025-03-04,75.80165136761032,0.0,182075.566585,2402,11124247.15,16,1741066200,15,Extreme Fear
2025-03-05,162.24600356445782,34.0166975,269328.365917,1660,9193654.22,13,1741152600,20,Extreme Fear
2025-03-06,21.18569152763158,0.0,16101.125561,760,6765324.96,12,1741239000,25,Fear
2025-03-07,58.86993010462382,0.231811,150236.061627,2552,19854275.48,14,1741325400,34,Fear
2025-03-08,46.69333338185255,4.088704,24700.773359,529,892083.51,13,1741411800,28,Fear
2025-03-09,13.905384947257385,0.0,19773.457395,1422,10419697.99,12,1741498200,27,Fear
2025-03-10,-3.438690233596702,0.0,-10010.027269999999,2911,16811790.68,14,1741584600,20,Extreme Fear
2025-03-11,-23.3964482763238,0.0,-76880.729036,3286,14016952.09,16,1741671000,24,Extreme Fear
2025-03-12,72.60735489289314,1.6060059999999998,288105.984215,3968,18618139.15,13,1741757400,34,Fear
2025-03-13,14.672422944906446,0.0,14114.870873,962,3285591.22,13,1741843800,45,Neutral
2025-03-14,31.061610899999998,1.88254,68646.160089,2210,8047187.16,10,1741930200,27,Fear
2025-03-15,301.51197154022987,0.650626,78694.624572,261,2355749.54,8,1742016600,46,Neutral
2025-03-16,-14.926308575471696,0.0,-7910.943544999999,530,10187921.51,8,1742103000,30,Fear
2025-03-17,28.439028818478263,0.0,26163.906513,920,3592895.05,11,1742189400,32,Fear
2025-03-18,86.71797221103118,0.0,72322.788824,834,4050655.47,13,1742275800,34,Fear
2025-03-19,18.222507655707197,0.0,29374.682341,1612,4598813.57,12,1742362200,32,Fear
2025-03-20,13.290349463035021,0.0,10246.859436,771,1652257.93,13,1742448600,49,Neutral
2025-03-21,9.958840077363897,0.009684,6951.270374,698,2543903.39,9,1742535000,31,Fear
2025-03-22,23.361748138317758,0.0,12498.535254,535,971809.42,8,1742621400,32,Fear
2025-03-23,31.425999071588368,0.0,14047.421585,447,2593519.67,10,1742707800,30,Fear
2025-03-24,105.04280555111977,1.5312,107878.961301,1027,3017587.05,13,1742794200,45,Neutral
2025-03-25,40.49419314791403,0.0,32030.90678,791,5372519.77,13,1742880600,46,Neutral
2025-03-26,5.094186791424887,0.0,15802.167427,3102,7597754.37,17,1742967000,47,Neutral
2025-03-27,74.9367633388535,0.0,58825.359221,785,3240279.46,11,1743053400,40,Fear
2025-03-28,29.30931227335165,0.0,21337.179335,728,1483092.61,11,1743139800,44,Fear
2025-03-29,6.38800049155227,0.0,12098.872931,1894,3668151.83,10,1743226200,26,Fear
2025-03-30,27.8083013028169,0.0,15795.11514,568,2850874.96,9,1743312600,32,Fear
2025-03-31,14.097342539393939,0.580795,6978.184557,495,2164772.4699999997,12,1743399000,34,Fear
2025-04-01,-11.472199177083334,0.0,-2202.6622420000003,192,704445.1900000001,9,1743485400,34,Fear
2025-04-02,187.930056633829,28.665758500000003,202212.740938,1076,3867930.6,11,1743571800,44,Fear
2025-04-03,-1.353524757437071,0.0,-2365.961276,1748,8670233.15,17,1743658200,25,Fear
2025-04-04,-20.05949602987421,0.0,-25515.678949999998,1272,3835545.73,14,1743744600,28,Fear
2025-04-05,99.74260475,1.814678,35907.33771,360,1267564.22,10,1743831000,30,Fear
2025-04-06,44.89832945801527,0.0,47053.449272,1048,3551252.06,14,1743917400,34,Fear
2025-04-07,12.269854408315563,0.0,34527.370305,2814,14460253.14,18,1744003800,23,Extreme Fear
2025-04-08,37.00890222481442,0.0,34899.394798,943,8869391.4,17,1744090200,24,Extreme Fear
2025-04-09,10.86978694151752,0.0,43120.444797,3967,28556806.47,20,1744176600,18,Extreme Fear
2025-04-10,74.40612236060178,0.05977,158261.822261,2127,28741953.29,19,1744263000,39,Fear
2025-04-11,115.33437872354014,0.0,126406.479081,1096,11319327.07,16,1744349400,25,Fear
2025-04-12,194.60393292223802,0.0,410419.694533,2109,55914617.49,20,1744435800,43,Fear
2025-04-13,36.86299888039364,0.0,48696.021521,1321,14171154.79,17,1744522200,45,Neutral
2025-04-14,51.32634052022472,0.0,45680.443063,890,13079972.98,14,1744608600,31,Fear
2025-04-15,63.976751796640144,0.621726,72357.706282,1131,20752168.24,14,1744695000,38,Fear
2025-04-16,36.46251881654229,0.0,58631.730257,1608,36502715.9,17,1744781400,29,Fear
2025-04-17,5.264713759456837,0.0,5427.919886,1031,2604551.51,12,1744867800,30,Fear
2025-04-18,2.576771248152059,0.055965,4880.4047439999995,1894,24610650.46,12,1744954200,33,Fear
2025-04-19,25.82576363783202,0.0,71950.577495,2786,32706462.71,15,1745040600,32,Fear
2025-04-20,12.643966668012109,0.0,25060.341936,1982,12126094.05,12,1745127000,37,Fear
2025-04-21,20.005394590803256,0.0,34369.267906999994,1718,42104054.84,14,1745213400,39,Fear
2025-04-22,19.563963835223483,0.0,58652.763578,2998,33753625.24,15,1745299800,47,Neutral
2025-04-23,-68.03380836678032,0.0,-419020.225731,6159,30682443.79,19,1745386200,72,Greed
2025-04-24,22.717023281810036,0.0,50704.395965,2232,35088918.64,15,1745472600,63,Greed
2025-04-25,12.231614764670297,0.0,20218.859206,1653,27749455.78,16,1745559000,60,Greed
2025-04-26,-3.6478814694960215,0.0,-4125.753942,1131,11948127.77,12,1745645400,65,Greed
2025-04-27,8.018004356083086,0.0,2702.067468,337,487537.69,9,1745731800,61,Greed
2025-04-28,26.763461754169686,0.0,36906.813759,1379,26124921.49,8,1745818200,54,Neutral
2025-04-29,56.06313572313866,0.0,125749.613427,2243,34089511.66,7,1745904600,60,Greed
2025-04-30,12.582028094339623,0.0,14003.797269,1113,12693878.85,8,1745991000,56,Greed
2025-05-01,44.338885607317074,0.0,54536.829297000004,1230,10720240.52,11,1746077400,53,Neutral
